{
    "a": 1,
    "b": 0.15299999713897705,
    "g": 0.15299999713897705,
    "r": 0.15299999713897705
}
